Angle,Event Frequency,UNIX Time (ns)
0,0.4496625931933522,0.9999999999999999
1,1.444328360259533,0.9999999999999999
2,0.6253588497638702,0.30000000000000004
