Angle,Event Frequency,UNIX Time (ns)
0,0.4496625931933522,0.9999999999999999
1,1.444328360259533,0.9999999999999999
2,2.4245628267526627,0.9999999999999999
3,3.3805719017982483,0.9999999999999999
4,4.3028033673763275,0.9999999999999999
5,5.182042717933655,0.9999999999999999
6,6.009504735469818,0.9999999999999999
7,4.667153894901276,0.7
